Interval Start (s),original_subtitles,automatic_subtitles
0,"""Només al mes de juliol, un milió i mig de turistes internacionals visitaren la Comunitat Valenciana. Segons l'INE, esta xifra ha crescut un 10,8% respecte a l'any anterior."" És sostenible que el turisme continue creixent a este ritme? Sí que ho és. -El turisme de masses és contaminant i l'únic que genera són beneficis econòmics ràpids per a quatre.","El turisme de masses és contaminant i l'únic que genera són beneficis i el turisme de masses. Només al mes de juliol, un milió i mig de turistes internacionals visitaren la comunitat valenciana. Segons l'INE, aquesta xifra ha crescut un 10,8% respecte a l'any anterior. És sostenible que el turisme continuï creixent a aquest ritme? Sí, sí que és sostenible. El turisme de masses és contaminant i l'únic que genera són beneficis"
30,"i l'únic que genera són beneficis econòmics ràpids per a quatre. El turisme massiu és molt positiu. Com més turistes vinguen, millor per a l'economia? Todos son bienvenidos. El trato que tenemos con el turista, lo queremos, lo amamos; le sacamos dinero. Se'n poden anar a cagar. ""Els turistes estrangers es van gastar més de 2000 milions d'euros a la Comunitat Valenciana només en un mes d'estiu."" Es el sector que más aporta al producto interior bruto español.","i l'únic que genera són beneficis econòmics ràpids per a 4. El turisme massiu és molt positiu. Com més turistes vinguen, millor per a l'economia. Todos son bienvenidos, és el trato que tenim amb el turista. Lo queremos, lo amamos, li sacamos dinero. Se'n poden anar a cagar. Quieren arrancar la prima. Els turistes estrangers es van gastar més de 2.000 milions d'euros a la comunitat valenciana, només en un mes d'estiu. és el sector que més aporta"
60,"Es el sector que más aporta al producto interior bruto español. A Espanya vivim d'astò, és el nostre petroli. Y por lo tanto hay que mimarlo mucho. Les protestes contra la massificació turística podrien posar en perill la gallina dels ous d'or? Ha sigut una gallina dels ous d'or durant moltes dècades, però ara els ous no brillen tant. Encariment i problemes d'accés a l'habitatge, molèsties veïnals...  El turisme 'low cost' ix massa car?","és el sector que més aporta al Producto Interior Bruto Español. En Espanya vivim d'esto, que és el nostre petroli. molt. Les protestes contra la massificació turística podrien posar en perill la gallina dels ous d'or. Maldita gentrificació... Ha sigut una gallina dels ous d'or durant moltes dècades, però ara els ous no brillen tant. Encariment i problemes d'accés a l'habitatge, molèsties veïnals, el turisme low cost"
90,"molèsties veïnals...  El turisme 'low cost' ix massa car? Tenim viatges a l'abast de qualsevol butxaca. És un gran èxit. -Estoy viendo trasteros por mi barrio en los que está empezando a entrar gente. El turismo nunca ha supuesto ningún problema hasta la irrupción de las plataformas de internet. ¿Fomentar el turisme de luxe solucionaria en part els problemes derivats de la massificació turística? Eso es obvio. Al final, menos gente, menos contaminación.","el turisme low cost és massacrar. tenim viatges a l'abast de qualsevol putxaca, per tant, és una nèxa. hi ha hagut trasteros per mi barri, en què està començant a entrar gent. no hi ha posat ningun problema, està la irrupció de les plataformes d'internet. Fomentar el turisme deluxe solucionaria en part els problemes derivats de la massificació turística? Això és obvio. Al final, menys gent,"
120,"Al final, menos gente, menos contaminación. No poden arribar 400 vaixells i les àncores arrancar tota la posidònia que hi ha. La ciutat de València acollirà en 2025 més creueristes que habitants. ¿Quins són els beneficis i els inconvenients d'este tipus de turisme? Un impacto económico de 60 millones de euros. Els creueristes no gasten diners, agarren l'imant que toca per a un familiar i poc més. -Yo prefiero que vengan,","Al final, menys gent, menys contaminació. No poden arribar tres o quatre baixels i les áncores a arrencar tota la posidònia que n'hi ha. s'acollirà en 2025 més creueristes que habitants. Quins són els beneficis i els inconvenients d'este tipus de turisme? El impacto econòmic de 60 millons d'euros. Els creueristes no se gasten diners. Agarren el imam que toca"
150,"per a un familiar i poc més. -Yo prefiero que vengan, porque si no vienen, no hacemos nada. -Es horrible a veces. Atravesar una calle es ir haciendo así para que se aparten. ""Mentre en algunes localitats els turistes arriben en massa..."" És una invasió. Ja no dona a l'abast per a tanta gent. Si ahora le quitamos el turismo, estamos KO. ""En altres, ni a comptagotes."" Collins, és que podria vindre gent cap ací.","Agarren el imam que toca al familiar de turno i poc més. Jo prefiro que vengan a que no vengan, perquè si no vienen no ho fem en lava. És horrible a veces. Atravesar una calle és ir haciendo así para que se parte. Mentre en algunes localitats els turistes arriben en massa... És una invasió, no? Aquell dia no donava espera a tanta gent. Si ahora les quitamos el turisme, pues, estamos caos. En altres, ni a comptagotes. Collins, és que podria vindre"
180,"Collins, és que podria vindre gent cap ací. ""De què depèn que triem una destinació o una altra? De la foto que ens puguem fer allí?"" Hoy en día se hace mucho turismo de Instagram. Es una máquina de hacer fotos. Cada minuto hay una persona. ¿Cómo no te la vas a hacer? Quan algú està menjant-se una paella en la seua barraca i li tanquen la porta per a fer-se la foto... Si quiero ir y tener ese recuerdo, no le hago nada malo a nadie.","és que podria vindre gent pa'casi. ¿De què depèn que triem una destinació o una altra? ¿De la foto que ens puguen fer allí? Hoy en día se hace mucho turismo de Instagram. Deja ya tanto el postureo. Eso es una máquina de hacer fotos. Cada minuto hay una persona y hacen cola. ¿Y cómo vas a venir? No te la vas a hacer. Me gusta mirarse una paella a la sua carreta a la barraca ni tanquen la porta per hacerte la foto de turno, ¿sabes? Si quiero ir y tener ese recuerdo pues, no le estoy haciendo nada mal"
210,"Si quiero ir y tener ese recuerdo, no le hago nada malo a nadie. Hui fem 'zoom' en el turisme.",no le estoy haciendo nada mal en el turisme. Hoy fem zoom en el turisme.
240,"""El turisme a la Comunitat Valenciana no ha deixat de créixer des del seu 'boom' als anys 60. Llevat la parada de la pandèmia, el rècord del nombre de turistes s'ha batut pràcticament any rere any."" L'Organització Mundial del Turisme en els anys 90 va desenvolupar una gràfica que especifica l'augment dels turistes. En cap moment hi havia una davallada, sempre era ascendent.","El turisme a la comunitat valenciana no ha deixat de créixer des del seu boom als anys 60. Llevat la parada de la pandèmia, el rècord del nombre de turistes s'ha batut pràcticament any rere any. L'organització final del turisme en els anys 90 aproximadament va desenvolupar una gràfica que va especificant quin és l'augment dels turistes. En cap moment"
270,"En cap moment hi havia una davallada, sempre era ascendent. La Comunitat Valenciana ha batut el rècord d'ocupació hostalera dels últims cinc anys. -Enguany ha fet rècord en pernoctacions. -L'agost ha sigut excel·lent. L'ocupació més alta que hem tingut en els últims anys. El año 96 bate un nuevo récord. -Entre gener i octubre d'enguany, visitar en Espanya més de 37 milions de turistes.","En cap moment ahir hi havia una devadallada. Sempre era ascendent. La comunitat valenciana ha batut el rècord d'ocupació estalera dels últims 5 anys. Denguany ha fet rècord en pernoctacions. El mes d'agost ha sigut excel·lent. Una ocupació molt alta, la més alta que hem tingut és en els últims anys. L'any 96 va ser un nou rècord turista. Entre gener i octubre Denguany visitarà més de 37 milions de turistes."
300,"""I ara, 28 anys després, s'espera superar els 90 milions de turistes."" Vamos a cerrar con un nuevo récord. Dos turistas por habitante español. Esto es maravilloso, es muy positivo. ""Com ha anat l'estiu a casa nostra?"" El número de turistas que han visitado la Comunidad Valenciana este verano es seguramente el número récord.","I ara, 28 anys després, s'espera superar els 90 milions de turistes. Vamos a cerrar con un nuevo rècord dos turistas por habitante español, ¿no? Entonces, esto es maravilloso, esto es muy positivo. I com ha anat l'estiu a casa nostra? El número de turistas que han visitado la Comunidad Valenciana este verano és seguramente el número rècord. el número rècord."
330,"""Tampoc durarà molt esta nova fita, perquè la previsió és que el 2040 n'arriben 110."" Vamos a tener turistas para aburrir. ""Si es així, Espanya es convertiria en el país que més turistes rep del món."" És completament insostenible. -Sí que és sostenible. El turisme massiu és molt positiu. -No sabemos si hay limite. El limite es el que nos queramos imponer. -En la Comunitat Valenciana no tenim cap problema en cap lloc. -El turisme de masses","Però tampoc durarà molt esta nova fita perquè la previsió és que per al 2040 n'arriben 110. Vamos a tener turistas para aburrir. Si és així, Espanya es convertirà en el país que més turistes rep del món. Es completamente insostenible. Sí, sí que és sostenible. El turisme masivo és molt positiu. No sabem si hi ha límite o no. El límite, además, és el que ens querem imponer nosaltres mateixos. A día d'avui, en la Comunidad Valenciana"
360,"no tenim cap problema en cap lloc. -El turisme de masses és contaminant, és depredador de recursos i només genera beneficis econòmics ràpids per a quatre. Creemos que es una actividad que se mantiene en los niveles adecuados de sostenibilidad. -Todos son bienvenidos. Al turista lo queremos, lo amamos; le sacamos dinero. Se'n poden anar a cagar. ""El rècord de turistes s'hauria celebrat com una Champions en una altra època, aquella en blanc i negre","en la Comunidad Valenciana no tenim ningún problema en ningún lloc. El turisme de mases és contaminant, és depredador de recursos i l'únic que genera son beneficis econòmics ràpids per a 4. Nosaltres creiem que és una actividad que se manté en els nivells adecuats de sostenibilitat. amb el turista lo queremos, lo amamos, le sacamos dinero. Se'n poden anar a cagar. El rècord de turistes s'hauria celebrat com una Champions"
390,"en una altra època, aquella en blanc i negre en què s'aplaudia l'arribada massiva de turistes."" Eixe concepte del turista un milió, el turista dos milions. ""El número mil"". Hi anava l'alcalde. ""El número un milió"". Ja venia un ministre. ('El Turista 1.999.999', de Los Stop) # El turista 1.999.999 # cuando llegó... #","com una Champions en una altra època, aquella en blanc i negre, en què s'aplaudia l'arribada massiva de turistes. Sí, clar, evidentment. és el concepte del turista un milló o el turista dos milions. El número mil, pues anava l'alcalde, el número un millón, ja venia un ministre. El turista un millón, novecientos noventa y nueve mil, novecientos noventa y nueve, cuándo llegó. A día de hoy, eso es diría casi al contrario, ¿no?"
420,"# El turista 1.999.999 # cuando llegó... # A dia d'avui, això és, diria, quasi al contrari. ('Go home!', de Rosendo) # Conozco un forastero # que le encanta mi ciudad, # qué casualidad. # Como maneja dinerito # le permito pernoctar, # no te pase na. # ¡Dile que se vaya, 'go home'! # ""Com ha pogut canviar tant el comité de benvinguda en estos anys? I, sobretot, per què? Per a intentar aclarir-ho, començarem pel principi, pel passat.","eso es diría casi al contrario, ¿no? Conozco un forastero que le encanta a mi ciudad. Qué casualidad. Cómo maneja dinerito le permito per notar. No te pase nada. Dile que se van a robar con razón. ¿Cómo ha pogut cambiar tant el Comité de Benvinguda en estos años? Y sobre todo, ¿per qué? Para intentar aclarirlo, comenzaremos pel principi,"
450,"Per a intentar aclarir-ho, començarem pel principi, pel passat. ¿Com era l'economia valenciana abans del 'boom' del turisme en els anys 60?"" Era una societat agrícola, tot era taronja. Castellón hace 50 años, 'taronja i rajola', que se dice coloquialmente. Si tu volies tindre un futur, havies d'adaptar-te a 'los nuevos tiempos',","comenzaremos pel principi, pel passat. ¿Cómo era la economía valenciana abans del boom del turisme en los años 60? Buscando en el valor de los recuerdos, cualquier tiempo pasado nos parece mejor. Era una sociedad agrícola, todo era taronja. Castellón hace 50 años, taronja y rachola, ¿no?, que se dice coloquialmente, ¿no? Si tú volías tener un futuro, tenías que adaptarte a los nuevos tiempos"
480,"havies d'adaptar-te a 'los nuevos tiempos', i 'los nuevos tiempos' era el turisme, fonamentalment. -En eixe moment es buscava turisme. Perquè véiem que els que treballàvem en turisme vivíem bé. Millor que en el camp. ""En aquell moment només es volia créixer. I ara? Seria convenient fer el camí a la inversa?"" La saturació turística només la podrem gestionar quan assumim la limitació i el decreixement. Si queremos destruir tres millones de empleos, adelante.","tenías que adaptarte a los nuevos tiempos y los nuevos tiempos era el turismo, fundamentalmente. En ese momento se buscaba turismo, porque veíamos que los que trabajábamos en turismo vivían bien, mejor que en el campo, sí. En aquel momento solo se volía crecer y ahora, ¿sería conveniente hacer el camino a la inversa? La saturación turística no nos la podríamos gestionar cuando asumimos la limitación y el decrecimiento. Bueno, si queremos destruir 3 millones de empleos,"
510,"Si queremos destruir tres millones de empleos, adelante. Tenemos que ir hacia adelante. Tornar arrere significa limitar els espais públics i privats, evidentment, i accés a l'activitat... Somos la segunda potencia mundial de turismo, ¿quién quiere mirar atrás? ¿Estamos locos? ""En la dècada dels 60, l'exemple a imitar era Benidorm: la meca del turisme de sol i platja, el miracle econòmic espanyol."" Benidorm que de la nada llega a lo todo...","Bueno, si queremos destruir 3 millones de empleos, adelante, eso es una aberración, tenemos que ir hacia adelante. Tornar a rey, y tornar a rey significa limitar los espais públicos y privados, evidentemente, de acceso a la actividad turística. Somos la segunda potencia mundial de turismo. ¿Quién quiere mirar atrás? ¿Estamos locos? En la década del 60, l'exemple a imitar era Benidorm, la meca del turisme de sol i platja, el miracle econòmic espanyol. Benidorm, que de la nada llega a lo todo,"
540,"Ací  van dir: ""Nosaltres podem incorporar-nos a este món, tenim una bona platja"". -Cullera reunia unes condicions, cap platja ens guanyava. -No hi havia cap construcció que et llevara la vista de la mar. -El que ara als ecologistes els agradaria és el que eren les platges llavors. Les dunes i les platges ens les hem carregades. Es construïxen sobre zones protegides perquè sempre volen estar més a prop de la mar. ""¿En el anys 60 existia una preocupació","que de la nada llega a lo todo, pues así van dir, nosotros podemos incorporarnos a este mundo porque tenemos una buena platja. Hubiera reunir unas condiciones, no había ni una platja que nos guayara. No había construcción ninguna que llevara a la vista de la mar. Lo que ahora a los ecologistas les agradaría es lo que eran las platjas entonces. Las dunas y las platjas nos los encarregamos. Acabamos construyendo sobre zonas protegidas porque siempre quieren estar más a prop de la mar. En los años 60, existía una preocupación"
570,"""¿En el anys 60 existia una preocupació per l'impacte mediambiental del turisme, com en l'actualitat?"" No, no hi havia ninguna preocupació, perquè allò... Destrossaren Espanya. Tot el contrari. -Dic: ""Ací cal fer un hotelet"". I férem un hotelet d'unes 12 o 14 habitacions. ""Pepe Sabater va muntar primer l'hotel Port Bahía i poc després el Sicania."" El Port Bahía es quedà amb dos o tres estreles com a màxim,","existía una preocupación por el impacto medioambiental del turismo como en la actualidad? No, no, no, no había ninguna preocupación porque allo destrozara España, todo lo contrario. Hacía que hacer un hotelet y hacer un hotelet de unas 12 o 14 habitaciones. Pepe Sabater va muntar primer l'hotel Port Bahía i poc después el Sicania. Port Bahía es quedan dos o tres estrellas com a máximo."
600,"El Port Bahía es quedà amb dos o tres estreles com a màxim, el Sicània ja era un hotel de primera, de quatre estreles. ""Una vegada construïts els hotels, calia omplir-los. I per a fer arribar-hi els turistes..."" Van fer molts documentals en aquella època de turisme. ""Este, que va locutar José María Arquimbau, n'és un"". ""Quien visita la Costa de Azahar siente la misma impresión que quien tiene una novia bonita, con historia, monumentos, folklore, buena mesa, mar y alegría sin límites.""","com a máximo. El Sicania ja era un hotel de primera de quatre estrellas. Una vegada construïts els hotels, calia omplir-los i per a fer arribar-hi els turistes... Van fer molts documentals en aquella època de turisme. Este que va a locutar José María Arquimbao Nesun. Quien visita la costa de Azar siente la misma impresión que quien tiene una novia bonita. Una novia con historia, monumentos, folclore, buena mesa, mar"
630,"buena mesa, mar y alegría sin límites."" La veu era prou més jove que ara. ""I una vegada ací, la propaganda nacional procurava que els turistes estigueren còmodes i contents."" ""No entorpezca con trámites y pegas al turismo más interesante."" ""L'ús del biquini és l'exemple més clar i famós."" El va posar de moda una actriu francesa a Benidorm, la primera, al anys 50 i escaig.","buena mesa, mar y alegría sin límites. i una vegada la propaganda nacional procurava que els turistes estigueren cómodes i contents. No entorpezca con trámites si pegas al turismo más interesante. Luz del biquini es l'exemple més clar i famós. Lo va a posar de moda una actriu francesa en Benidorm. La primera en sal 50 y pico. Si els biquinis no s'havien vist hasta que van vindre els estrangers, no? Biquinis o menos. Se venien a Benidorm perquè era una playa que podien fer tobles mentre que la seua no ho podien fer. En l'actualitat,"
660,"la primera, al anys 50 i escaig. -Ací els biquinis no s'havien vist fins que van vindre els estrangers. Biquinis o menys. -Venien a Benidorm perquè era una platja on podien fer 'topless', mentre que en la seua no en podien fer. ""En l'actualitat també es fan concessions cap als turistes?"" Lo que se está ofertando es lo que el turista quiere. El teu poble, el meu poble, acabaran sent","En l'actualitat, també es fan concessions cap als turistes. El que se está ofertando es lo que el turista quiere. I el tu pueblo, el meu pueblo, o sea, acabaran siguient la meditación i la meditación de la meditación de la meditación que se va a la vida al turista. En l'actualitat, la meditación de la meditación es una playa que podien fer tobles mentre que la seua no lo podien fer. En l'actualitat, també es fan concessions cap als turistes. Lo que se está ofertando"
690,"El teu poble, el meu poble, acabaran sent la Mediterrània de PortAventura. ""En els darrers mesos s'han organitzat protestes contra la massificació turística en diverses localitats espanyoles, com a Barcelona o a Palma, dos dels destins turístics més visitats de l'Estat."" Turista qui no boti! Disparar, aunque sea con una pistola de agua, a turistas por la calle, no me parece que sea la mejor fórmula para recibir","Lo que se está ofertando es lo que el turista quiere. la Mediterrània de PortAventura. En els darrers mesos s'han organitzat protestes contra la massificació turística en diverses localitats espanyoles, com a Barcelona o a Palma, dos dels destins turístics més visitats de l'estat. Disparar, aunque sea con una pistola de agua a turistas por la calle, a mí no me parece que sea la mejor fórmula para poder recibir a lo que produce el 16% de nuestro PIB."
720,"la mejor fórmula para recibir a lo que produce el 16% de nuestro PIB. ""A casa nostra, a Alacant, també s'han manifestat. A la Marina Alta ha sorgit un col·lectiu activista anomenat Garrot."" ""Garrot"" crec que és una paraula superexplícita, supervalenciana, i ve a dir que tenim falta de vara, que ens posem les piles, que hem de canviar coses. -La Comunidad Valenciana","para poder recibir a lo que produce el 16% de nuestro PIB. A casa nostra, a Alacant, també s'han manifestat. I a la Marina Alta ha sortit un col·lectiu activista anomenat Garrot. Garrot crec que és una paraula superexplícita, és supervalenciana, a més, i vull dir que tenim falta de vara, que ens posem les piles, que hem de canviar coses. La comunitat valenciana no té un problema de turismofòbia,"
750,"que hem de canviar coses. -La Comunidad Valenciana no tiene un problema de turismofobia, no lo ha habido nunca. Estos conatos de enfrentamiento, discriminación o señalamiento hacia el fenómeno turístico tienen a mi juicio un claro componente político. Les manifestacions, el que estan aportant a dia de hui a l'activitat turística és una reflexió. -Rechazar a alguien por tener una procedencia extranjera o de fuera de nuestro territorio es un pronunciamiento de xenofobia que no podemos tolerar. -El turisme s'ha planificat sempre","La comunitat valenciana no té un problema de turismofòbia, no ho hi ha, no hi ha hagut mai. Aquests conatges d'enfrontament, de discriminació o de senyalament cap al fenomen turístic tenen, a mi juici, un molt clar component polític. Les manifestacions, el que estan aportant a dia d'avui a l'activitat turística, és una reflexió. Rechazar a algú por tener una procedencia extranjera o de fuera de nuestro territorio no es más que un pronunciamiento de xenofobia que no podemos tolerar. El turisme està planificat sempre"
780,"que no podemos tolerar. -El turisme s'ha planificat sempre des d'una mirada econòmica, perquè es pensava que el turisme és bo per natura. També genera efectes negatius. ""Podrien estes protestes provocar que els turistes deixen de visitar la Comunitat Valenciana?"" Aquí la única forma que dejen de venir turistas es que no salga el sol. ""Fins i tot al litoral Cantàbric, amb un volum turístic inferior al del Mediterrani, també han organitzat protestes als carrers.","El turisme està planificat sempre des d'una mirada econòmica, perquè es pensava que el turisme és bo, per natura, el turisme també genera efectes negatius en les destinacions. Podrien estes protestes provocar que els turistes deixen de visitar la comunitat valenciana? Vamos a ver, aquí la única forma que dejen de venir turistas es que no salga el sol. Fins i tot, al litoral cantàbric, amb un volum turístic inferior al del Mediterrani,"
810,"també han organitzat protestes als carrers. I les xarxes socials, Denis, guia turístic asturià, s'ha fet viral este estiu per tuits com estos."" Uno que tuvo bastante repercusión fue el del suspuesto ataque del oso en Covadonga. ""El tuit, exactament, deia: (LLIG)""","també han organitzat protestes als carrers. i en les xarxes socials. De Nís, guia turística asturà, s'ha fet viral aquest estiu per tuits com aquests. Uno que tuvo bastante repercusión fue lo del supuestre ataque de los un Covadonga. El tuit,"
840,"""El tuit, exactament, deia: (LLIG)"" Hay gente que se lo tragó, y hay gente que se tomó muy mal. ""Tanta gent s'ho va creure que alguns mitjans de comunicació van haver d'aclarir que no era cert."" Dije: ""No puede ser que la gente sea tan boba. Creo que esto va a ser muy obvio"". Me equivoqué. ¿Tu objetivo era espantar a los turistas, conscienciar...?","El tuit, exactamente de ella. Llach de Covadonga, este matí. Continuem fingint que Asturias és un lloc segur per a fer turisme. Hay gente que se lo tragó y hay gente que se lo tomó también muy mal. De fet, tanta gent s'ho va creure que alguns mitjans de comunicació van haver d'aclarir que no era cert. Le dije, bueno, no puede ser que la gente sea tan boga. Yo creo que esto va a ser muy obvio, la gente no va a traer con ello. Pues me equivoqué. Tu objetivo era espantar"
870,"¿Tu objetivo era espantar a los turistas, conscienciar...? Fundamentalmente, hacer reír. Después, obviamente, hay una una pequeña crítica a la masificación, a la turistificación; a determinades perfiles, digamos, soberbios; el típico turista capitalino que visita Asturias como de misionero a Burundi. ""O com un 'fodechincho', com diu el periodista i professor gallec Antón Losada en este, que també ha sigut molt comentat este estiu.""","era espantar a los turistas, concienciar... Fundamentalmente era cerré. Después, obviamente, sí hay una pequeña crítica a la masificación, a la turistificación, a determinados perfiles, digamos, soberbios, el típico turista capitalino que visita Asturias y va como de misionero a gurundi. o como un fodechincho, como digo el periodista y profesor Gallé Cantón Lozada en este vídeo. ¿Qué tan vea sigut?"
900,"en este, que també ha sigut molt comentat este estiu."" 'Fodechincho' es aquel al que los vigilantes le dicen que no se meta en ese mar, porque la marea está baja y tira para fuera, y se mete igual. Y si el vigilante le llama la atención, se cabrea. 'Fodechincho' es aquel al que le dices: ""No se puede subir a esas dunas, están protegidas"", y sube igual porque quiere ir por la playa. 'Fodechincho' es aquel que te oye hablar en el idioma en el que has hablado toda tu vida y le parece mal.","¿Qué tan vea sigut? Mol comentad, este es tío. Fodechincho es aquel al que los vigilantes le dicen que no se metan en ese mar porque la marea está baja y tira para afuera y te puede llevar y se meten igual. Y si el vigilante le llama la atención, se cabrea con el vigilante. Fodechincho es aquel al que le dices no se puede subir a esas dunas, están protegidas. Sí, ellos suben igual porque ellos quieren ver la playa. Y fodechincho es aquel que te oye hablar en el idioma del que has hablado toda tu vida desde que eras pequeño ¿Y le parece mal?"
930,"en el que has hablado toda tu vida y le parece mal. ""¿Vídeos i tuits virals com estos exemples que hem posat poden espantar els turistes?"" Yo creo que no van a dejar de venir turistas por hacer unos chistes. No estamos en desacuerdo con el turismo, es un sector que aporta muchas cosas positivas, pero necessita más regulación. ¿Y no consideras que esas medidas pueden afectar a los profesionales que trabajáis en el sector? Puede ser, pero yo no estoy dispuesto","¿Y le parece mal? Vídeos y tuits virals como estos exemples que en Posat pueden espantar a los turistas. A ver, yo creo que no van a dejar de venir turistas por hacer unos chistes ni mucho menos. No estamos en desacuerdo con el turismo, parece que es un sector que aporta muchas cosas positivas pero obviamente necesita una regulación. ¿Y no consideras que esas medidas pueden afectaros a los profesionales que trabajáis en el sector del turismo? Bueno, puede ser, pero yo por lo menos"
960,"Puede ser, pero yo no estoy dispuesto a ganar mucho dinero a cualquier precio, yo quiero cuidar mi entorno, mi entorno social y natural. ""En el passat, el turisme va ser considerat la gallina dels ous d'or. I ara, continua sent-ho?"" Estamos hablando de una generación de ingresos de 186.000 millones de euros, unos impuestos aproximadamente de 55.000 millones. Por lo tanto, sí que es la gallina de los huevos de oro,","pero yo por lo menos no estoy dispuesto a ganar mucho dinero porque el precio yo quiero cuidar mi entorno, mi entorno social, mi entorno natural. En el Pasat, el turismo va a ser considerado la gallina del South Door y ahora continúa Sento. Estamos hablando de una generación de ingresos de 186.000 millones de euros. Unos impuestos aproximadamente de 55.000 millones. Por lo tanto,"
990,"Por lo tanto, sí que es la gallina de los huevos de oro, sin lugar a dudas. -Ha sigut una gallina dels ous d'or durant moltes dècades, però ara els ous no brillen tant. No sé si són d'or o són de plata; algun en deu haver d'estany. A Espanya vivim d'astò, és el nostre petroli. És un tòpic, però és una realitat. -El impacto económico del turismo aquí es innegable. Es el sector productivo que más aporta a nuestra economía y sociedad. Por mucho que se diga que genera beneficio,","Por lo tanto, sí que es la gallina de los huevos de oro, sin lugar a dudas. Ha sido una gallina de los ous d'or durante muchas décadas pero ahora los ous no brillan tanto. No sé si son de oro o son de plata maciza o algo, ni habrá destino. En España vivimos esto, que es el nuestro petróleo. Es un tópico vivo pero es una realidad. El impacto económico del turismo en la comunidad valenciana ahora mismo es innegable, siendo el sector productivo que más aporta a nuestra economía y a nuestra sociedad. Por mucho que se diga que genera beneficio,"
1020,"Por mucho que se diga que genera beneficio, lo es para unos pocos. -Creo que hay demasiada demagogia sobre la precariedad de los puestos de trabajo dentro del turismo. -La gran majoria de jóvens de la Marina Alta ara mateix estan en situacions absolutament precàries. -Nadie ha podido demostrar con datos evidentes que existe una precariedad en los puestos de trabajo vinculados al turismo. ""Hem visitat un baret de platja a Gandia","que genera beneficio, sigue siendo un beneficio para unos pocos. Yo creo que sobre esto también hay demasiada demagogia sobre la precariedad de los puestos de trabajo dentro del turismo. La gran mayoría de jovens de la Marina Alta ara mateix estan en situacions absolutament precàries. Nadie ha podido demostrar con datos evidentes que existe una precariedad en los puestos de trabajo vinculados al turismo. Vam conèixer'ns a l'estiu per llançar birra..."
1050,"""Hem visitat un baret de platja a Gandia i un restaurant de Dénia per a parlar amb els propietaris sobre els beneficis que els aporta el turisme, i les seues postures no poden ser més diferents."" Als que tenim negoci ens agrada que vinga gent; i quanta més gent vinga, millor. Jo faig coses un poc a contracorrent. ""Ho diu perquè Miquel tanca el local a l'agost."" El públic que ve en estiu no és el client que, diguérem,",birra... Hem visitat un barret de platja a Candia i un restaurant d'Adenia per a parlar amb els propietaris sobre els beneficis que els aporta el turisme i les seues postures no poden ser més diferents. Si tenim negoci el que ens agrada és que vinga a gent i com més gent vinga millor a tots. Jo faig cosa de ser un poc a contracorrent. Ho diu perquè Miquel tanca el local a l'agost. El públic que ve en estiu no és el client
1080,"El públic que ve en estiu no és el client que, diguérem, podia ser el prototip del Baret. ""En canvi, Suso només l'obri a l'estiu."" Em pareix absurd que la gent es queixe d'això, que hi ha turisme o massa turisme. No cap en el meu cap. -¿Tu creus que ve gent reservant sis mesos abans i s'assenta i ens pregunta, quan mira la carta: ""Oye, ¿no tenéis comida normal?"". I se li diu: ""Por favor, ¿comida normal qué es?"".","no és el client que, diguem que podria ser el prototipo del barret. i en canvi s'uso només l'obri a l'estiu. És que em pareix absurde que la gent esqueixi d'això que n'hi ha turisme o massa turisme. No cap, n'hem-ho cap. Tu creus que veig gent recebant sis mesurantes i se senta i ens pregunta quan mira la carta i diu oi, oi, oi, no tenies comida normal? i se li diu"
1110,"I se li diu: ""Por favor, ¿comida normal qué es?"". I diu: ""Hombre, pues pizzas, hamburguesas"". ""Ens ha vingut al cap el bar gallec que este passat pont d'agost va tancar perquè el propietari estava fart d'algunes exigències de la clientela, com per exemple..."" (LLIG) Respecte la seua opinió, perquè jo faig el mateix, però no ho diria. Tu tanques i ja està, no has de donar explicacions.","i se li diu per favor, comida normal, què? Dicen, home, pizas, hamburguesas. Ens ha vingut al cap el bar Galler que este passat pont d'agost va tancar perquè el propietari estava fart d'algunes exigències de la clientela com per exemple Tendrás un pincho de tortilla para acompañar con el café que solo no me entra. Respecte la sua opinió perquè faig lo mateix però no ho diria tu tanques i ja està no t'has quedat una explicació a tu."
1140,"""El cas és que tant a qui pot viure tot l'any amb els diners que guanyen uns mesos com qui en guanya prou la resta de l'any i tanca a l'agost els ixen en els números. I als seus treballadors? Comencem per saber quants en són."" En som 11, comptant-me a mi. Sí, entre el ca de setmana i tot, 10 o 11. ""Vaja, una coincidència! I estan ben pagats?"" Si no estan ben pagats, ja no tornen. Ben pagats i tots assegurats.","El cas és que tant t'equipat viure tot l'any amb els diners que guanya en uns mesos com a qui guanya prou la resta de l'any i tanca a l'agost els 6 en els números i els seus treballadors comencem per saber quants en són. Som 11 comptant-me a mi. Sí, entre fin de setmana i tot sí, 10 o 11. Vaja, una coincidència i estan ben pagats? Si no estan ben pagats ja no tornen. Ben pagats i tots assegurats."
1170,"Ben pagats i tots assegurats. ""No volem quedar-nos en dos casos en concret. Analitzem el sector en general. Quanta gent té faena gràcies al turisme?"" El sector turístico genera tres millones de empleos, el 16 % de la población activa trabaja en ámbitos relacionados con el turismo. -En la Comunitat Valenciana ahora habrá trabajando en el sector unos 250.000 trabajadores y trabajadoras. -A nivel de números, es evidente que genera empleo.",i tots assegurats. No volem quedarnos en dos casos en concret. Analitzem el sector en general. Quanta gent té faena gràcies al turisme? El sector turístico genera 3 millones de empleos. 16% de la población activa trabaja en ámbitos relacionados con el turismo. La comunidad anciana ahora mismo habrá trabajando en el sector unos 250.000 trabajadores y trabajadoras. A nivel de números es evidente que genera empleos. Yo creo que hay importante
1200,"-A nivel de números, es evidente que genera empleo. Es importante revisar qué tipo de empleo. Són superprecaris, superprecaris. Precarios por la estacionalidad, no por unas condiciones devaluadas, unas condiciones peores que las de otros sectores. -Se paga en negro, porque se trabajan jornadas de 10 y 12 horas, se descansa uno o ningún día a la semana. Te vas a Suiza y un camarero cobra 4.000 euros, te vas a cenar a un restaurante chino en Suiza y no pagas 20 euros. Pagas 100.","que hay importante revisar qué tipo de empleo se da. Son súper precaris. Son súper precaris. Precarios por la estacionalidad, no por unas condiciones devaluadas, unas condiciones peores que las de otros sectores productivos. Se paga en negro porque se trabajan jornadas de 10 y 12 horas, se descansa uno o ningún día a la semana. Te vas a Suiza y un camarero cobra 4.000 euros. Te vas a cenar a un restante chino en Suiza y no pagues 20 euros. Pagues 100."
1230,"""I directors d'hotel, que, per cert, estan molt cotitzats fora d'Espanya."" Molt, com els jugadors brasilers de futbol. Als espanyols ens passa igual amb els directors d'hotel. La majoria del sector són cambrers, cambreres de pis, personal de neteja, cuina, recepció. -He estado 11 años trabajando de camarera y en Alicante y en Torrevieja me ha pasado en un montón de bares: ""En agosto no se libra, hay que hacer dinero"". -Yo conozco casos que han estado","Y directores de hotel que, por cierto, están muy cotizados fuera de España. Muchísim. Como jugadores brasileños pero en el mundo de fútbol, ¿no? En los españoles nos pasa igual a los directores de hotel. Están cotizados, muy cotizados. La mayoría de los sectores son camareros, camareras de piso, personal de limpieza, cocina, recepción. He estado 11 años trabajando de camarera y tanto en Alicante como en Torrevieja me ha pasado un montón de bares de que en Agosto no se libra. En Agosto hay que hacer dinero. Yo conozco casos"
1260,"hay que hacer dinero"". -Yo conozco casos que han estado mes y medio sin descansar. -Con suerte llegaba al salario mínimo del convenio, pero he llegado a tener contratos de diez horas semanales cuando hacía diez horas al día. ""I quanta gent que treballa en el sector no té un lloc on viure per culpa del turisme?"" El problema de personal durmiendo en coches o en caravanas no lo hemos detectado aquí. -Es posible que el verano que viene no tengamos donde vivir, como pasa en Ibiza,",Yo conozco casos que han estado un mes y medio sin descansar. Con suerte llegaba a lo que marcaba el salario mínimo del convenio pero he llegado a tener contratos de 10 horas semanales cuando hacía 10 horas al día. ¿Y cuánta gente que trabaja en el sector no te unió con viure por culpa del turismo? El problema del personal que está durmiendo en coches o en caravanas no lo hemos detectado aquí. Es posible que el verano que viene no tengamos donde vivir y tengamos que ver cómo pasa en Ibiza
1290,"no tengamos donde vivir, como pasa en Ibiza, que estás hasta junio como mucho y luego búscate la vida y vive en un campin. -Pensem que un poc de raó tenen, sobretot per la vessant de les vivendes d'ús turístic. Són els nostres treballadors, familiars, nosaltres mateixos; quan eixa residència es convertix en un resort turístic hi ha un xoc entre el resident i el turista. ""Deixem de parlar en general i tornem als casos particulars dels hostalers entrevistats a Gandia i a Dénia.",cómo pasa en Ibiza que está hasta junio como mucho y luego búscate la vida y vive en un camping. Sí que pensé que algo de raud tenemos por la parte que va sobre todo en la vessante de las viviendas de los turísticos. Los trabajadores y familias nosotros mismos vivimos cuando esa residencia se convirtió en un resort turístico ahí no hay un choque entre el resident y el turista. Deixem de hablar en general i tornem als casos particulars dels hostalers entrevistats a Gandía i a Denia.
1320,"dels hostalers entrevistats a Gandia i a Dénia. ¿Els seus treballadors tenen problemes per a trobar allotjament?"" A Gandia no hi ha problema. Sí que tenim molts apartaments llogats i si no et meneges un poquet abans costa trobar-ne. Un xaval que vol vindre de Bilbao perquè li agrada la meua cuina i no pot vindre. Primera, que no en troba. Si en troba, 2.000 euros... Són animalades. Treballaries per pagar-te el pis. -Però tens habitacions per a llogar, pots llogar una habitació i pagar menys, no cal llogar un pis per a tot l'estiu.",Els seus treballadors tenen problemes per a trobar allotjament? En Gandía no hi ha problema. Lo que pasa que tenemos mollo de apartamentos alquilados y entonces pues pues no el manejos un poquete antes y costa trobar un apartamento. Un chaval que vol venir de Bilbao perquè era la meva cuina i vol venir i no pot venir. Primer que no n'encontra i després si n'encontra pues imagina 2.000 euros això no són animalades que treballaries pa pagar-te el piso. Pero bueno pero tens habitació es pa alquilar pots alquilar una habitació i pagar menos no fa falta alquilar un piso pa tot l'estiu.
1350,"no cal llogar un pis per a tot l'estiu. ""El problema de l'habitatge no només el patixen els treballadors del sector, també el veïnat de les ciutats més turístiques."" Estoy viendo trasteros por mi barrio en los que está empezando a entrar gente mientras que en ese bloque cada vez hay más Airbnb. El turismo nunca ha supuesto ningún problema hasta la irrupción de las plataformas de internet que han posibilitado 'hotelizar' viviendas. -En molts casos som nosaltres mateixos",El problema de l'habitatge no només el patixen els treballadors del sector també el veïnat de les ciutats més turístiques. Estoy viendo trasteros por mi barrio en el que está empezando a entrar gente mientras que en ese bloque cada vez están habiendo más AirBnB. El turismo nunca ha supuesto ningún problema hasta la disrupción de las plataformas de internet que lo que han hecho es la posibilidad de hotelizar viviendas. En molts casos somos otros mateixes
1380,"-En molts casos som nosaltres mateixos els que, per exemple, tenim una casa al poble i veiem que li traiem més rendiment econòmic llogant-la per 1.400 euros la setmana. ""¿Este tipus d'allotjament turístic 'low cost' és responsable de la massificació o saturació de les ciutats?"" A la Comunitat Valenciana hi ha a dia d'avui aproximadament 680.000 places d'allotjament, en general, de tot; 150.000 són hoteleres. Hotels, hostals, pensions i albergs.","somos otros mateixes en los que per exemple tenim una casa al poble y vegem que le traguen més rendiment econòmic alquilant 1.400 euros la setmana a agost. Este tipus d'allotjament turístic low cost es responsable de la massificació o saturació de les ciutats. A la comunitat valenciana hi ha a dia d'avui aproximadament 680.000 places d'allotjament en general de tot. 150.000 són hoteleres, hotel, hostels,"
1410,"Hotels, hostals, pensions i albergs. 450.000, apartaments i vivendes d'ús turístic. Els números. Som conscients del que genera això d'impacte? -El turista de qualitat és el que va a allotjament regulats i reserva directament en l'hotel, una agència de viatges o una plataforma legal. -Si vas a un Airbnb en el que posiblemente antes vivía una familia a la que se le subó el alquiler hasta que era imposible vivir, eso, de cara a la conciencia propia como turista, hay que repensarlo.","hotel, hostels, pensions albergs, 450.000 apartaments i viviendas de hosturístic. Fes números. Seu conscients de lo que genera això d'impacte? El turista de qualitat es el que va a alojaments reglats, el que reserva directament en el hotel o en una agència de viatges o en una plataforma legal. Si vas a un Airbnb en el que posiblemente en ese piso antes vivía una familia a las que se le empezó a subir el alquiler hasta que era imposible vivir y ahora se pasa a un piso turístico. Y eso de cara a la conciencia propia como turista"
1440,"eso, de cara a la conciencia propia como turista, hay que repensarlo. ""Vaja, és poc habitual que el president d'Hosbec i la portaveu d'un col·lectiu activista coincidisquen. Que ell critique un model de negoci que li pot fer perdre diners, ho entenem; però, i ella, ¿per què no defensa esta opció barata d'allotjament turístic que dona la possibilitat de viatjar a tanta gent treballadora?"" Hay opciones habitacionales destinadas solo para eso sin echar a familias de su barrios y de sus casas.","como turista también repensarlo. Vaja, es poc habitual que el president d'Osbeck y la portaveu d'un col·lectiu activista coincidisquen. Que él critique un model de negoci que le pot hacer pedre diners ho entenem perfectament. Pero ¿Y ella? ¿Por qué no defensa esta opción barata de allotjament turístic que dona la possibilitat de viatjar a tanta gent treballadora? Hay opciones habitacionales destinadas solo para eso, sin echar a familias de sus barrios y de sus casas."
1470,"sin echar a familias de su barrios y de sus casas. ""Experts i parts implicades coincidixen en la necessitat de regular els pisos turístics, i així ho ha fet la Generalitat a través d'un decret llei"". Que se persiga y castigue todo aquello que se esté comercializando sin la debida autorización. -La Generalitat té molt pocs inspectors i es dediquen a anar als hotels de cinc estrelles a vore si els coixins tenen ploma d'oca o de flamenc. No van a vivendes d'ús turístic, perquè suposa eixir al carrer,",Experts i parts implicades coincidixen en la necesitat de regular els pisos turístics. I així ho ha fet la i es dediquen pràcticament a anar als hotels de 5 estrellas a veure si les almohades tenen pluma de oca o de flamenco realment no van a venders turístics a inspecció perquè suposa
1500,"No van a vivendes d'ús turístic, perquè suposa eixir al carrer, en estiu a més de 30 graus, tocar al timbre... És més fàcil anar a un hotel, amb aire condicionat. Són funcionaris, no van a matar-se per astò. ""Esta normativa es va aprovar a l'agost. Quan es notaran els seus efectes?"" Va a tener efectos prácticamente inmediatos, hemos dado un plazo improrrogable hasta el 31 de diciembre de este año para comunicar el número de referencia catastral. Las viviendas que no lo comuniquen causáran baja en el registro.",suposa girar el carrer en estiu a 30 y pico graus aquí darrer un telefonillo és més fácil anar a un hotel aire acondicionat a tener director y bueno son funcionarios no no van a matarse ver esta nova normativa es va aprovar a l'agost quan es notaran els seus efectes va a tener efectos prácticamente inmediatos porque hemos dado un plazo improrrogable hasta el 31 de diciembre de este año para poder comunicar el número de referencia catastral todas aquellas viviendas que no lo hayan comunicado causarán baja en el
1530,"Las viviendas que no lo comuniquen causáran baja en el registro. El 1 de enero partiremos con un registro limpio. És una bona solució. Tindrà matisacions, però que l'administració assumisca eixe repte ja és important. No crec que s'acabe el problema, crec que millorarà. No té sentit que, com a destinació, entengues que vas a limitar un tipus d'allotjament. Mentre continue dient: ""Vingueu"", dic: ""Açò ho he de limitar"". ""El turismòleg fa referència, entre altres, a la demanda de la Generalitat perquè el govern espanyol amplie",no no creo que se acabe el problema sí creo que mejorará no te has sentit que tú como destinación entengues que vas a limitar un tipo de allotjament mientras yo continúo dient vengau vengau pero al estoy dient eso lo he de limitar el turismo oleg fa referencia entre altres a la demanda de la Generalitat porque el
1560,"de la Generalitat perquè el govern espanyol amplie els aeroports de Manises i l'Altet."" La ampliación de los aeropuertos de València y Alicante, no hay duda, es necesaria y urgente. A lo mejor, en vez de poner un aeropuerto en Castelló, habría sido mejor hacer crecer el de Manises. -L'aeroport d'Alacant creix a un ritme brutal, per damunt de les perspectives de qualsevol. És exagerat. Jo he arribat dies allí i estava totalment saturat, cal reformar-lo. -L'avió i el creuer estan vinculats",el govern espanyol amplia els aeroports de Manises y l'Altet La ampliación de los aeropuertos de Valencia y Alicante es una cuestión que no es que no tiene ninguna duda es necesaria ya y urgente Es que en su día a lo mejor en vez de haber puesto un aeropuerto en Castellón hubiera sido a lo mejor haber hecho crecer Manises L'aeropuerto d'Alacante está creciendo a un ritme absolutament brutal pero brutal pero damunt de las perspectivas de cualsegol Valencia va muy bien pero lo de Alacante es exagerado
1590,"cal reformar-lo. -L'avió i el creuer estan vinculats al turisme de masses, que està destruint l'entorn cultural i natural. ""El 80% dels passatgers que aterraren a l'aeroport de Manises entre gener i juliol d'enguany ho feren en companyies de baix cost. A l'empresariat valencià li interessa l'arribada d'este tipus de turistes?"" Fa poquet, Alacant-París em va costar més de 200 euros amb la 'low cost' més famosa. Ja no té res de 'low cost'. Eixos bitllets de 26 euros",en el entorn cultural y natural El 80% dels passatgers que aterraren a l'aeroport de Manises entre gener i juliol d'enguany ho feren en companyies de baix cost A l'empresariat valencià l'interessa l'arribada d'este tipus de turistes? Fa poquete viat en una i bueno crec que va ser a la Camp París i va costar 200 y pico euros i es la low cost més famosa ja no té res de low cost esos billes
1620,"Ja no té res de 'low cost'. Eixos bitllets de 26 euros ja no existixen. -Si no hay vuelos ni 'low cost' ni regulares, nunca podrán venir. ""Gràcies a les companyies de baix cost, els turistes poden viatjar a més llocs a preus més assequibles. Però també hi ha inconvenients, com els que va patir la família d'Esperanza. El vol que els havia de portar a casa des de Roma es va cancel·lar després d'estar durant hores a l'avió."" Són les 00.20 h, portem tres hores tancats.",esos billes de 26 euros ja no existigen El problema es que si no hay vuelos ni low cost ni regular nunca podrán venir Gràcies a les companyies de baix cost els turistes poden viatjar a més llocs i a preus més assequibles però també hi ha inconvenients com els que va patir la família d'Esperanza El vol que els havia de portar a casa des de Roma es va cancelar després d'estar durant hores a l'avió Són les 12 i 20 durant
1650,"Són les 00.20 h, portem tres hores tancats. -La gente se está empezando a poner nerviosa, los niños lloran. Entiendo que pueda haber una cancelación, entiendo que pueden haber retrasos. Lo que no entiendo es que nos traten así, que nos retengan cuatro horas en un avión sin agua, sin comida. ¡Agua! -¡Agua! ¡Agua y comida, ya! Y luego te digan, a la una de la mañana, que se cancela, bajas del avión al aeropuerto",durant 3 hores sancats La gente s'estan petando la voya nerviosa los niños lloran es una victoria que no es Yo entiendo que pueda haber una cancelación entiendo que puedan haber retrasos lo que no entiendo es que nos traten de esa manera que nos retengan cuatro horas en un avión sin agua sin comida y luego te digan a la una de la mañana se cancela bajas del avión al aeropuerto
1680,"que se cancela, bajas del avión al aeropuerto y no hay nadie que te informe. Había una trabajadora de Ryanair que no le dio un paro cardíaco de milagro. -Esto es un caos total y nadie hace nada. -Hasta el viernes no hay vuelos para València. ¿Cómo voy a estarme yo tres días allí, en Roma? -Vaya desastre, qué vergüenza, madre mía. -Hubo mucha gente que lloró. Yo vi gente llorar",al aeropuerto y no hay nadie que te den la información había una trabajadora de Ryanair que no le dio un paro cardíaco de milagro Esto es un caos total y nadie hace nada Hasta el viernes no hay vuelos para Valencia ¿Cómo voy a estarme yo tres días allí en Roma? Vaya desastre Qué vergüenza Padre mía Hubo mucha gente que estuvo llorando
1710,"-Hubo mucha gente que lloró. Yo vi gente llorar en el aeropuerto, gente nerviosa: ""No sé qué hacer ahora"". ""Després de més de 18 hores, volaren de Roma a Barcelona, no sense tornar a patir un retard, i una vegada allí agafaren un tren per a arribar a València. Tota una odissea. El viatge dels quatre els va començar costant 300 euros, quant a acabaren pagant de més?"" Entre el taxi para ir al hotel, el hotel, la comida y el tren de Barcelona a València,",que estuvo llorando o sea yo vi gente llorar en el aeropuerto gente nerviosa de no sé qué hacer ahora Después de más de 18 horas volaren de Roma a Barcelona no sense tornar a patir un retard y una vez allí agafaren un tren para arribar a Valencia toda una odisea El viatge dels cuatro els va comenzar costant 300 euros ¿Cuánta acabar empagant de mes? Entre el taxi para ir al hotel el hotel la comida
1740,"y el tren de Barcelona a València, nos hemos gastado alrededor de 500 y pico euros más. ""¿Tornarà a viatjar en una companyia 'low cost' després d'esta experiència tan roïna?"" Si te dijera que no, posiblemente te estaría mintiendo. ""¿Hui en dia hi ha tants turistes perquè viatjar és més barat que en el passat?"" Fa uns anys, no fa tant, només les elits podien viatjar,",la comida el tren de Barcelona a Valencia nos hemos gastado alrededor de 500 y pico euros más ¿Tornará a viajar en una compañía low cost después de esta experiencia tan roina? Si te dijera que no posiblemente te estaría mintiendo me dijo que ella ya me conocía que si hoy en día hay tantos turistas para que viatjar es más barato que en el pasado Fa unos años
1770,"Fa uns anys, no fa tant, només les elits podien viatjar, però en un moment donat ja tots podem viatjar en algun moment de l'any. Jo crec que és la gran conquesta del segle XX, la democratització dels viatges. ""Per tant, ¿apujar els preus seria una solució per a reduir el nombre de turistes?"" Si lo que hacemos es subir precios, estamos expulsando a los trabajadores, a las trabajadoras y a las personas de clase media-baja. Esa no es la solución.",Fa unos años no hace tant las élites podían viajar pero en un momento ya todos pueden viajar en un momento en el año yo creo que es la gran conquista del siglo XX es la democratización de los viatges Per tant apujar els preus seria una solució per a reduir el nombre de turistes Si lo que hacemos es subir precios lo que estamos es expulsando a los trabajadores a las trabajadoras y a las personas de clase media clase media baja esa no es la solución
1800,"Esa no es la solución. ""Tots i totes tenim dret a poder viatjar?"" A vore, viatjar és un privilegi, no és un dret. El dret el tens al descans. ""Just o no, funcionaria? Perquè este estiu, per exemple, els preus dels hotels valencians han triplicat la inflació. Però eixe augment de preus no ha fet que les visites disminuïsquen. Per què?"" La societat actual és capaç de llevar-se de menjar, però és impossible que no viatge.",esa no es la solución Tots y totes ¿Tenim dret a poder viatjar? A ver viatjar es un privilegi no es un dret el dret el tens al descans Just o no funcionaria? Per aquest estiu per exemple els preus dels hotels valencians han triplicat la inflació Però aquest augment de preus no ha fet que les visites disminuisquen Per què? La societat actual és capaç de llevarse de menjar però
1830,"de llevar-se de menjar, però és impossible que no viatge. Las vacaciones, igual que el bar, son sagradas. Si no puedo permitirme un mes entero en un apartamento alquilado en Benicàssim, paso una quincena. Y si no llego a una quincena, paso una semana. He de menjar menys? Ho faré. He de dormir en un sofà? Ho faré. He de viatjar en BlaBlaCar? Ho faré. -Pero las vacaciones se hacen sí o sí. Y si tengo que endeudarme, no hay ningún problema. -A Eivissa, imagine que els preus",però és impossible que no pugui viatjar Las vacaciones es igual que el bar son sagrados Si yo no puedo permitirme unas vacaciones de un mes entero en un apartamento alquilado en Benicassim pues paso una quincena y si no llego a una quincena pues paso una semana He de menjar menys? Ho faré He de dormir en un sofá? Ho faré He de viatjar en un blau laclar? Ho faré pero pero las vacaciones se hacen sí o sí y si además tengo que endeudarme no hay ningún problema En el cas de Evisa imagina que evidentment els preus han pujat moltíssim
1860,"no hay ningún problema. -A Eivissa, imagine que els preus han pujat moltíssim i els turistes hi han arribat, han llogat l'apartament; han hagut de pagar un billet d'avió i es troben que els queda molt poc d'espai per a l'alimentació i l'oci. Doncs 'playa, pipas y paseo'. ""¿A les destinacions turístiques els interessa rebre este tipus de turista que dorm en una furgoneta i menja de supermercat?"" No, eso no nos deja dinero. Buscar al turista jubilado británico","han pujat moltíssim i per tant els turistes han arribat han llogat l'apartament evidentment han hagut que pagar un billet d'avió i per tant es troben que al augmentar tant els preus es queda molt poc d'espai per a l'alimentació per a l'oci pues playa pipas i passeu A les destinacions turístiques els interessa rebre este tipus de turista que dorme en una furgoneta i menja de supermercat No, no eso no nos deja dinero buscar al turista"
1890,"No, eso no nos deja dinero. Buscar al turista jubilado británico que tiene su pensión de 5.000 euros y traerlo aquí a Benicàssim, no al estudiante británico que viene con 200 euros, paquete cerrado con Ryanair, a pegarse la borrachera del siglo y a tirarse por el balcón. ""És a dir, ¿com més ric siga el turista, millor per a l'economia de les destinacions turístiques?"" Tu el turista que vols és milionari, que és el que es gastarà més diners.",buscar al turista al jubilado británico que tiene su pensión de 5.000 euros y traerlo aquí a Benicassim no al estudiante británico que viene con 200 euros paquete cerrado con Ryanair a pegarse la borrachera del siglo y a tirarse por el balcón Es a dir que com més ric siga el turista millor per a l'economia de les destinacions turístiques Tu el turista que vols és millonari que és el que
1920,"Tu el turista que vols és milionari, que és el que es gastarà més diners. ""Per tant, ¿potenciar el turisme de luxe seria la solució a alguns problemes derivats de la massificació turística?"" No. Literalment, no. Yo creo que es parte de la solución, pero no es la solución. No, en absolut. Jo crec que la Comunitat Valenciana ha de tindre oferta per a totes les butxaques. ""Segons l'INE, la despesa mitjana per turista",que és el que va a gastar-se més diners Per tant potenciar el turisme de luxe seria la solució a alguns problemes derivats de la massificació turística no literalment no jo creo que és part de la solución pero no no es la solución no no pero ahora res yo creo que la comunidad valenciana té que tindre oferta per a totes les butjaques Segons LINE la despesa mitjana
1950,"""Segons l'INE, la despesa mitjana per turista va ser de 127 euros al dia durant el primer semestre de l'any a la Comunitat Valenciana. I el turista de luxe quants diners es gasta diàriament?"" El gasto diario medio, está rondando los 500 euros. ""Per saber en què es gasten eixos 500 euros al dia, l'Associació Empresarial Valencia Premium ens mostra alguns dels serveis que oferixen a este tipus de turistes.",la despesa mitjana per turista va ser de 127 euros al dia durant el primer semestre de l'any a la comunitat valenciana i el turista de luxe de luxe cuantos diners es gasta diariamente el gasto diario medio puede estar rondando los 500 euros per a saber per a saber en que es gasten esos 500 euros al dia l'associació empresarial valencia premium ens mostra alguns dels serveis que oferissen a este tipus de turistes ens embosem
1980,"que oferixen a este tipus de turistes. Ens en posem en la pell d'un per viure una experiència de luxe. Comencem a l'aeroport, on ha vingut a areplegar-nos un cotxe d'alta gamma."" Benvinguda. Gràcies.  És freqüent que el turista de luxe demane un servei com este? Sí, la verdad que es muy frecuente porque se siente de alguna manera acompañado desde el minuto cero. Más seguros, más cómodos.",ens embosem en la pell d'un per viure una experiencia de luxe comencem a l'aeroport on ha vingut a replegar-nos un cotxe d'alta gama benvinguda gracias es freqüent que el turista de luxe demane un servei com este si la verdad es que es muy freqüente porque se sienten de alguna manera acompañados desde el minuto cero más seguros más cómodos arribem a l'hotel
2010,"""Arribem a l'hotel Las Arenas, on ens reben amb una copeta de xampany i ens donen la clau de l'habitació."" Moltes gràcies. Com és l'habitació que ens heu reservat hui? És una Suite Mare Nostrum. Té un saló molt gran, una habitació, un quarto de bany superbonic i les vistes que tenim, espectaculars. Tenim huit habitacions així a l'hotel, a part de les altres dos suits presidencials. Quant costa allotjar-se una nit en una habitació com esta?",arribem a l'hotel las arenas on es reben amb una copeta de champán i ens donen la clau de l'habitació com és l'habitació que ens heu reservat avui és una suite mare nostre com ho heu vist té un saló molt gran una habitació un quart de bany també superbonic i les vistes que tenim que són espectaculars tenim 8 habitacions així en l'hotel a part de les altres dos suïts presidencials quant costa allotjar-se
2040,"Quant costa allotjar-se una nit en una habitació com esta? En temporada alta, l'habitació seria 1.300 euros. En temporada més baixeta, els mesos de desembre i gener, serien uns 1.000 euros aproximadament. ""El nostre recorregut acaba al restaurant La Sucursal, ubicat a l'edifici Veles e Vents de València."" Què acostuma a demanar el turista de luxe quan ve ací a La Sucursal? Lo primero en lo que se fijan, es curioso, es en la oferta líquida, en los vinos.",allotjar-se una nit en una habitació com esta en temporada alta l'habitació seria 1.300 euros en temporada més baixeta que serien els mesos de desembre gener i de més serien uns 1.000 euros aproximadament el nostre recorregut acaba al restaurant la sucursal ubicat al edifici ve les events de València que acostuma a demanar el turista de luxe quan vea la sucursal
2070,"es curioso, es en la oferta líquida, en los vinos. Y luego es verdad que es un turista que se deja llevar, aconsejar. Busca la cocina creativa, pero también la cocina inspirada en el territorio, en la tradición. Quina és la forqueta de preus? Digamos que vienen con un presupuesto que no viene limitado. El precio medio puede estar a partir de los 130, 150  euros en una comida o en una cena. Alguna anècdota o exigència cridanera del turista de luxe? Hace dos meses, unos clientes querían probar",cridanera del turista de luxe hace dos meses uns clientes
2100,"Hace dos meses, unos clientes querían probar un plato de alcachofas. Vinieron adrede. Les tuvimos que explicar que la alcachofa tiene una temporada y que volvieran en noviembre. Probaron otras cosas, pero hicieron el viaje por algo tan lujoso que tenemos como es el producto de cercanía. ""Queda clar que els 500 euros són de mitjana, perquè la despesa pot disparar-se sense problemes. ¿Però tants turistes rics venen a la Comunitat Valenciana",uns clientes querien probar un plato d'alcachofas que havien probado venien al dret de coger un avión per posar un plato d'alcachofas i hem de explicar que l'alcachofa tenia una temporada que no tocaba i que volvieran en noviembre provaran altres coses però van fer el viatge per una cosa tan lujosa que teníem en aquesta ciutat com és el producte de Celcanir queda clar que els 500 euros són de mitjana perquè la despesa pot disparar-se sense problemes però
2130,"¿Però tants turistes rics venen a la Comunitat Valenciana com per a compensar als de rendes inferiors?"" L'únic que tenen les destinacions com a turisme de luxe és quants diners deixen, però ningú valora la despesa que fan quant a residus, quant a aigua, quant a energia. Cuanto más turismo de este tipo venga, creo que también hay menos saturación en los destinos turísticos. -Si fóreu conscients de l'ús dels recursos energètics",però tants turistes rics venen a la comunitat valenciana com per a compensar els de rendes inferiors? l'únic que tenen les destinacions com a turisme de luxe és el que diuen de diners però ningú valora la despesa que fan en quant a residus en quant a aigua en quant a energia cuanto más turismo este tipo venga yo creo que también hay menos saturación en lo que son las ciudades o los destinos turísticos si vosotros fóro conscient de luz de luz
2160,"-Si fóreu conscients de l'ús dels recursos energètics i els recursos hídrics que fa el turisme de luxe, si la gent realment ho sabera, es replantejarien moltes coses. Moltíssimes. -Al final es cuestión de educación. ""Els turistes de luxe generen llocs de faena de luxe? Si el turista gasta més, el treballador cobra més?"" Los salarios no diferen. Lo mismo da que trabajes",de luz de recursos energéticos de recursos hídrics que fa el turisme de luxe si la gent realment usabera se reflejaría en moltes coses moltíssimes bueno al final es cuestión de educación traedme dinero billetes mejor si no me vale suelo els turistes de luxe generen llocs de faena de luxe si el turista gasta més el treballador cobra més los salarios no no difieren
2190,"Los salarios no diferen. Lo mismo da que trabajes en un hotel de dos estrellas que de cinco. Te diría que casi todas estamos por encima de los convenios sectoriales. -En estos hoteles de lujo también se precariza, porque no encuentran personal. Estamos 24 horas abiertos, 365 días al año, hay turnos... Eso a las generaciones de hoy en día no les apetece. -Por lo tanto, con el personal que he podido contratar, tengo que pasar el verano. Haciendo más horas, descansando menos.",no difieren lo mismo da que trabajes en un hotel de dos estrellas que de cinco estrellas yo te diría que casi todas con casi todas estamos por encima de los convenios sectoriales incluso en estos hoteles de lujo también se precariza ¿por qué? porque no encuentran personal estamos 24 horas abiertos 365 días al año hay turnos pues eso pero a las generaciones hoy en día no les apetece por lo tanto con el personal que he podido contratar tengo que pasar el verano ¿cómo? haciendo más horas descansando menos
2220,"Haciendo más horas, descansando menos. ""Deixem l'economia i parlem ara de l'impacte mediambiental. El turisme de luxe és menys contaminant?"" Eso es obvio. Al final, menos gente, menos contaminación. Solo hace falta ver un reportaje que salía en Mallorca la cantidad de botellas de champán que había en el fondo marino, por donde están los yates. ""No cal visitar Mallorca per a vore la costa plena d'embarcacions. Mireu si no estes fotos fetes a Xàbia.""",descansando menos te isem la economía y parlem ahora del impacto medioambiental ¿el turisme de luxe es menos contaminant? eso es obvio al final menos gente menos contaminación solo hace falta ver un reportaje que salía en Mallorca la cantidad de botellas de champán que había en el fondo marino por donde están los llates no cal visitar Mallorca per a vore la costa plena de embarcaciones mireu si no estas fotos
2250,"Mireu si no estes fotos fetes a Xàbia."" No poden arribar 400 vaixells i amb les àncores arrancar tota la posidònia que hi ha. -La imatge de la costa i els vaixells que arriben amb torxes i esperen a la nit per a entrar a conquerir la terra em recorda un poc a açò. És una imatge un poc, diria, bel·licista i destructiva. -Aquí querían construir un restaurante de lujo en el faro de Cabo de Huertas,","estas fotos feitas a Sábia no pueden arribar tres, cuatro, seis, baixells y a las áncores a arremlar a arrancar toda la posidónia que n'hi ha es la imatge de la costa y los baixells que arriben en antorches y esperen la nit para entrar a conquérir la tierra me recuerda un poco a eso pero es una imatge un poco diría felicista y destructiva aquí querían construir un restaurante de lujo en el faro de Cabo de Huertas una zona"
2280,"un restaurante de lujo en el faro de Cabo de Huertas, una zona con biodiversidad protegida. ¿Para ese turismo de calidad que te pagará 100 euros de un menú? ""No és la primera vegada que escoltem el binomi turisme de qualitat, turisme d'alt poder adquisitiu. Per què?"" Eixe concepte de turista de qualitat està associat al turista que gasta; denigrem aquelles persones amb menys capacitat adquisitiva i que també volen viatjar. -El turismo de calidad es el turismo del jubilado belga de 5.000 euros de pensión.",una zona con biodiversidad protegida para que para ese turismo de calidad que sí que te van a pagar 100 euros de un menú No es la primera vegada que escoltem el binomi turisme de cualitat turisme d'alt poder adquisitiu ¿per qué? Ese concepte de turista de cualitat está asociado al turista que gasta per tant sempre denigrem a aquellas personas que tienen menos capacidad adquisitiva y que también quieren viatjar ¿Qué es el turismo de calidad? Es el turismo
2310,"es el turismo del jubilado belga de 5.000 euros de pensión. Què és un turisme de qualitat? ¿Un visitant que gasta més o un que genera menys impacte en el territori, que genera menys residus sòlids o que genera menys cost d'aigua? ""El turisme de luxe té algun tipus de límit? O amb diners, torrons, com se sol dir?",Es el turismo del jubilado belga de 5.000 euros de pensión ¿Qué es un turismo de calidad? Un visitante que gasta más o un visitante que genera menos impacto en el territorio que genera menos residuos sòlids o que genera menos cost d'aigua el turismo el turismo deluxe té algún tipo de limit o amb diners torrons com se sol dir que genera a la gente que genera i que genera la gente de la gente que genera la gente que genera i que genera
2340,"Fer possible allò impossible és precisament l'especialitat d'esta agència de viatges exclusius. Però volem exemples. Què es pot aconseguir amb diners? Amb molts diners, millor dit."" Poder accedir a un temple que normalment no es visita, ser rebuts per la família reial quan normalment no reben ningú o veure un os polar en algun lloc. Nosaltres, amb els contactes que tenim, podem aconseguir complir els somnis d'aquesta persona.",i que genera la gente fer posible allò impossible és precisament l'especialitat d'esta agència de viatges exclusius però volem exemples ¿Qué es pot aconseguir amb diners? Amb molts diners millor dit Pues poder accedir a un temple que normalment no es visita al voltant ser rebuts per la família real quan normalment no reben a ningú o de veure un oso polar en un lloc o no sé què nosaltres amb els contactes que tenim podem aconseguir complir els somnis
2370,"podem aconseguir complir els somnis d'aquesta persona. ""Està clar que són experiències que no estan a l'abast de qualsevol. Eixa és precisament la gràcia d'este tipus de viatges?"" La gràcia està en anar una mica contra corrent i buscar llocs, és la meva missió, que estan més inexplorats. Jo soc una gran fan d'explorar i quan la Terra, diguéssim, se'm queda petita, miro cap amunt.",els somnis d'aquesta persona Està clar que són experiències que no estan a l'abast de qualsevol Eissa és precisament la gràcia d'este tipus de viatges La gràcia està una mica contracorrent i busca llocs que és la meva missió que estan més inexplorats Jo sóc una gran fan d'explorar i quan la terra diguéssim que se'm queda petita miro cap amunt No? Anna va adquirir
2400,"""Ana va adquirir un bitllet per a viatjar a l'espai amb la companyia de Richard Branson, Virgin Galactic, fa anys, però encara no ha pogut complir el seu somni."" Jo, sí o sí, amb uns o amb altres, d'una manera o una altra, jo viatjaré l'espai en un futur pròxim. ""De fet, per si esta opció no ix bé, Ana ja té un pla B."" Estem treballant amb Space Perspective.",Anna va adquirir un bitllet per a viatjar a l'espai amb la companyia de Richard Branson Virgin Galactic fa anys però encara no ha pogut complir el seu somni Jo o sí o sí amb uns o amb els altres d'una manera o una altra jo viatjaré a l'espai a un futur pròxim De fet per si aquesta opció no és bé Anna ja té un pla B Estem treballant amb Space Perspective
2430,"Estem treballant amb Space Perspective. És una experiència que dura sis hores aproximadament; a la càpsula són vuit persones i un pilot. Com anècdota, tenim un 'spa toilette', o sigui que, en qualsevol moment, amb unes vistes espectaculars... ""Quant costa fer una volteta per fora del planeta?"" Són 125.000 dòlars. ""Tot i ser una morterada de diners,",amb Space Perspective És una experiència que dura 6 hores aproximadament La càpsula són 8 persones hi ha un pilot Com a anècdota tenim un spa toilet o sigui que en qualsevol moment amb unes vistes espectaculars I quant costa fer una volteta per fora del planeta? Són 125.000 dòlars Tot i ser una morterada de diners
2460,"""Tot i ser una morterada de diners, ja no són els 20 milions d'euros que va pagar en 2001 Dennis Tito, el primer turista espacial."" Abans l'espai estava reservat per a uns pocs privilegiats. Avui en dia podríem dir que s'ha democratitzat en aquest sentit. ""No hem escoltat fa res este mateix argument?"" Tenim viatges a l'abast de qualsevol butxaca. Jo crec que és la gran conquesta del segle XX, la democratització dels viatges.",de diners ja no són els 20 milions d'euros que va pagar en 2001 Denis Kito el primer turista espacial Abans l'espai estava reservat per uns pocs privilegiats avui dia podríem dir que s'ha democratitzat en aquest sentit no? No hem escoltat per res este mateix argument? Tenim viatges a l'abast de qualsevol butxaca no? Per tant és un gran èxit jo crec que és la gran conquista del segle XX és la democratització dels viatges
2490,"""Vol dir això que l'espai pot acabar igual de massificat en un futur?"" No crec que sigui una massificació, això. Crec que és una evolució i tant de bo hi hagi un respecte perquè sigui d'una manera gradual. ""¿Quines conseqüències per al medi ambient tenen estos turistes exploradors?"" No hi ha cap entrevista en què no surti la paraula ""sostenibilitat"".",que no surti la paraula sostenibilitat
2520,"en què no surti la paraula ""sostenibilitat"". ""L'impacte del turisme sobre l'ecosistema àrtic ha quedat evidenciat per un grup de científics en trobar restes de protector solar al pol nord. Doncs precisament a l'Àrtic arribarà en dirigible l'expedició que està organitzant l'Agència Bru And Bru."" La primera expedició serà en el 2025-2026. ""El cost per al planeta en el futur no el podem saber encara,",sostenibilitat l'impacte del turisme sobre l'ecosistema àrtic ha quedat evidenciat per un grup de científics en trobar restes de protector solar al pol nord doncs precisament a l'àrtic arribarà indirigible l'expedició que està organitzant l'agència Brew & Brew La primera expedició serà en el 2025-26 El cost per al planeta en el futur no el podem saber
2550,"""El cost per al planeta en el futur no el podem saber encara, però sí el preu que pagarà la clientela."" Uns 200.000 euros la cabina doble per a dos persones. ""Acabarà eixint-nos massa car este tipus de turisme tan exclusiu?"" Quan un va a un restaurant i diu: ""Que bé he menjat!"", no penses en quant has pagat de factura. ""La saturació turística no és un problema exclusiu en absolut",no el podem saber encara però sí el preu que pagarà la clientela Uns 200.000 euros la cabina doble per dues persones Acabarà i si no es massa car este tipus de turisme tan exclusiu Quan un va a un restaurant i dius que ben menjat no penses què has pagat de factura La saturació turística no és un problema exclusiu
2580,"""La saturació turística no és un problema exclusiu en absolut ni de la Comunitat Valenciana ni d'Espanya. Pot ser interessant saber com l'afronten en altres països. Encara que semble una paradoxa, farem junts una volta al món ràpida per a saber com es regula el turisme massiu per a minimitzar l'impacte mediambiental i social. Primera escala, Àustria. Com ho fan allà?"" Per a obrir un hotel, tot el barri hi ha d'estar d'acord,",exclusiu en absolut ni de la comunitat valenciana ni d'Espanya Per això pot ser interessant saber com l'afronten en altres països I encara que sembla una paradoxa farem junts una volta al món ràpida per a saber com es regula el turisme massiu per a minimitzar l'impacte mediambiental i social Primera escala A Ústria Com ho fan allà? Per obrir un hotel tot el barri ha d'estar d'acord
2610,"Per a obrir un hotel, tot el barri hi ha d'estar d'acord, perquè això suposa un impacte. ""Segona escala, els Països Baixos."" Amsterdam, a més de limitar els grans creuers, ja no es poden construir més hotels a la ciutat. ""Tercera, Grècia."" Atenes és una les ciutats més turístiques del món i ara mateix han regulat les entrades del Partenó.",ha d'estar d'acord perquè en aquest lloc s'obrigui un hotel perquè aquest hotel suposa un impacte Segona escala els països baixos Amsterdam a més de limitar els grans creuers el que ha fet és ja no es poden construir més hotels a la ciutat Buscarem un lugar para amar y soñar Tercera Grècia Atenes és una de les ciutats més turístiques del món i el que han fet és ara mateix han regulat les entrades del Partenon
2640,"i ara mateix han regulat les entrades del Partenó. ""Quarta, Croàcia."" Es va fer especialment famosa després de la sèrie 'Joc de trons', perquè es va rodar allí. Tot el món vol la fotografia de la sèrie. Clar, han hagut de prendre mesures. ""Quinta, Itàlia."" Com a norma general, s'estan pujant les taxes turístiques. Florència és una les ciutats més turístiques del món","del Partenon Quarta Croàcia Però va ser especialment famós després de la sèrie Joc de Trons perquè es va rodar allí Tot el món vol la fotografia de la sèrie Joc de Trons Clar, han hagut de prendre mesures Quinta Itàlia Com a norma general el que s'està fent és pujar les tasses turístiques Florencia"
2670,"Florència és una les ciutats més turístiques del món i ha prohibit els pisos turístics al centre de la ciutat, perquè la gent local ja no pot pagar els lloguers. ""L'última escala la fem al Japó. ¿Com porten allà haver passat de 3 a 25 milions de turistes en només un any?"" Han hagut de prendre moltes mesures. Hi ha inclús restaurants on la carta està en japonés i en anglés. En japonés han escrit una frase: ""Si eres japonés, tindràs un 5% de descompte en el menú"".",Florencia és una de les ciutats més turístiques del món i el que ha fet és ha prohibit els pisos turístics al centre de la ciutat perquè la gent local ja no pot pagar els lloguers I l'última escala la fem al Japó Com porten allà haver passat de 3 a 25 milions de turistes en només un any Han hagut de prendre moltes mesures Hi ha inclús restaurants que la carta està en japonès i en anglès En japonès han escrit una frase que és Si eres japonès
2700,"""Si eres japonés, tindràs un 5% de descompte en el menú"". ""A més, han limitat l'accés al conegut com a barri de les geishes de Tòquio."" Han prohibit l'entrada a tota persona que no treballe o visca allí, perquè la gent, per a fer una fotografia, assetjaven les 'geishes', anaven perseguir-les. ""¿Com de fart devia estar el veïnat d'este poble japonés per a tapar les vistes al mont Fuji amb una tanca? Suposem que més o menys igual que les d'este poble austríac",Si eres japonès tindràs un 5% de descompte en el menú I a més han limitat l'accés al conegut com a barri de les geisses de Tòquio Els carrerons han prohibit l'entrada de tota persona que no treballi o visca allí perquè el que feia la gent era per treure una fotografia assetjaven a les geisses anaven perseguint-les Com de fart estaria el veïnat d'este poble japonès per a tapar les vistes al món Fuji amb una tanca Doncs suposem que més o menys
2730,"Suposem que més o menys igual que les d'este poble austríac que va inspirar 'Frozen'."" Van intentar posar uns panells perquè no es feren fotografies, però van vore que això... ""No funcionaria? O funcionaria massa? ¿Vosaltres visitaríeu destinacions on no poguéreu fer-vos fotos?"" Sí. Si tu no puedes hacer lo que ves en redes sociales o por lo que vas, la gente no lo va a visitar. Hoy en día se hace mucho turismo de Instagram.",que més o menys igual que els d'este poble austríac que va inspirar la pel·lícula de Frozen van intentar van intentar posar els panells perquè no es feren fotografies però després van veure que això no funcionaria o funcionaria massa
2760,"En las cuevas de Sant Josep, hace unos años estaba prohibido grabar. Ahora, en un trayecto de la visita, te dan cinco minutos para que hagas un vídeo, una foto. Todos contentos. ""Òbviament, no tots; però sí quasi la meitat."" Una companyia d'assegurances del Regne Unit va fer una enquesta i el 40% les persones triava la destinació per Instagram i per si era 'instagramejable' o no. -Como el columpio de Orpesa, lo han sacado del agua, ya la foto no es tan bonita",Òbviament no tots
2790,"lo han sacado del agua, ya la foto no es tan bonita y ya no hay fila para hacerse fotos. ""El creador de continguts es referix a esta engrunsadora, la primera engrunsadora aquàtica d'Espanya,  que l'Ajuntament d'Orpesa hi va instal·lar en 2021."" En su momento la adquisición fueron unos 10.000 euros, pero el retorno en publicidad y promoción es brutal. Eso fue una locura, se llegaron a hacer colas superlargas. -Venían personas de Bélgica, de Holanda,",i va a instalar en 2021
2820,"-Venían personas de Bélgica, de Holanda, que venían a veranear a Torrevieja y un día de sus vacaciones lo utilizaron en venir a Orpesa hacerse la foto y luego se volvían a su casa. Es increíble. ""Guille també hi va anar a posta; això sí, promptet, per a evitar cues."" Fui supertemprano. Me fui un amanecer, estuve toda la mañana en Orpesa y ya volví. Y luego lo saqué y fue un 'boom', también. ""Al final, al ver el impacto que había tenido,",per a evitar cubes
2850,"que todos los municipios también querían su columpio, nos requirieron para quitarlo bajo multa de 800 euros diarios. ""L'engrunsadora continua a la localitat, però ja no dins de l'aigua, sinó a l'arena."" En la arena ya no es lo mismo. -No es lo mismo. ""Clar, la gent no només s'hi fa la foto, també la compartix en les xarxes socials."" Si vas a un lloc i no tens la foto, és com si no hi hagueres anat. -Si quiero ir y tener ese recuerdo, no le hago nada malo a nadie.",no és el mateix
2910,"un destino te puede pagar por promocionarlo entre 3.000 y 10.000 o 15.000 euros. Hay muchísimo dinero en las redes. ""Deu ser perquè funciona, no?"" Sí funciona. Sí funciona. Yo he tenido vídeos con millones de visualizaciones que es imposible que no tengan un efecto positivo. -El problema és quan geolocalitzen llocs que són molt xicotets. I un lloc era molt desconegut, al dia següent, 10.000 persones diàriament. Todo el mundo quiere hacerse la foto en ese sitio",un efecte positiu El problema és quan es geolocalitzen llocs que realment són molt xicotets i clar un lloc que era molt desconegut el dia següent 10.000 persones diàriament a la comunitat valenciana
2940,"Todo el mundo quiere hacerse la foto en ese sitio en el que la 'influencer' de turno ha subido una foto. ""A la Comunitat Valenciana hi ha molts punts atractius per als 'influencers' i no tan 'influencers': la Muralla Roja de Calp, l'embarcador de l'Albufera o la porta blava de la cala del Portitxol de Xàbia. Vosaltres també vos heu fet alguna foto allí?"" ¿Cómo vas a venir y no te la vas a hacer? Es un 'must have'. -Es supernecesario aquí. No cal ser tan borregos i anar sempre a la rodeta.","a la comunitat valenciana hi ha molts punts atractius per als influencers i no tan influencers la muralla roja de Cal l'embarcador de l'albufera o la típica porta blava de la cala del portichol de Xàbia ¿vosaltres també vos heu fet alguna foto allí? ¿Cómo vas a venir? ¿Te la vas a hacer? Vamos, és un mashup como es que dice es supernecesario aquí No cal ser tan borregos"
2970,"No cal ser tan borregos i anar sempre a la rodeta. Es una máquina hacer fotos. Cada minuto hay una persona, y hacen cola, sí. -Ui! De nit i tot hi ha cua! Amb la llumeta es fan la foto, des d'ací ho veig. -És que alguna volta agarraria un esprai, col·lega, i en la porteta blaveta... Li diria a algú: ""Puc fer una pintadeta guapa ahí? Tio, pareix un 'photocall'. -Gente que viene de muy lejos para hacerse la foto, estar un rato e irse. -De un pueblito de Zamora.","No cal ser tan borregos no sempre hi ha la rodeta ¿sabes? Eso es una máquina de hacer fotos cada minuto hay una persona ahí hacen cola sí, sí, sí, sí hacen cola Uy, de nit y todo ya cola en la llumeta se hacen la foto yo de si lo veig Niño deja ya tanto el postureo Es que alguna volta quedaría un spray colega y la porteta blaveta parlaría y le diría ¿puc fer una pintaeta guapa allí? Porque es que, tío parece un fotocoll de... no sé Hay gente que viene de muy lejos para hacerse la foto y luego quizás estar un rato y luego irse De un pueblito pequeño de Zamora"
3000,"estar un rato e irse. -De un pueblito de Zamora. Vivo en Jerez de la Frontera. -De Ciudad Real. -Porque me encanta posturear, la verdad sea dicha. Y no sé, subo fotos de los sitios en los que he estado. Pero i això? Que envies? Hi ha una família, hi ha una cultura, una historia. Un tio meu la va comprar i veníem tots ací. Veníem pel caminet de la creu, caminant, amb el pollastre viu,","de Zamora Vivo en la zona de Cádiz en Jerez de la frontera De Ciudad Real Porque me encanta posturear la verdad se ha dicho y pues no sé que subo fotos entre los sitios en los que he estado de la frontera y luego irse a la frontera No, n'hi ha vides, n'hi ha una família, n'hi ha una cultura, n'hi ha una història. Niño, deja ya tanto el postureo. Un tio meu la va comprar i veníem tots així. Veníem pel caminet de la Creu, caminant, en el pollastre viu,"
3030,"i el posàvem ahí al corralet per a fer paella. Després, el peix. Venien els pescadors amb les xàrcies al coll, i treien el peix ahí. Quan algú està menjant-se una paella en la seua caseta o en la barraca i li tanquen la porta per a fer-se la foto de torn... Em pareix ridícula i absurda la falta de respecte absoluta. ""Ja hem vist les conseqüències econòmiques i socials","Veníem pel caminet de la Creu, caminant, en el pollastre viu, i el posàvem ahir al corralet per a fer paella. Després el peig, venien escudines, peigcaors, les àcies al coll i treien el peig ahir. La porta del cel. Al costat de mirar-nos una paella a la seva carreta a la barraca, li tanquen la porta per a fer-te la foto de turno, saps? Em pareix ridícul i absurd la falta de respecte absoluta. Ja hem vist les conseqüències econòmiques i socials que té la massificació turística."
3060,"""Ja hem vist les conseqüències econòmiques i socials que té la massificació turística. Quines en té sobre el patrimoni arquitectònic? ¿Quin efecte pot tindre sobre els monuments més emblemàtics de València, per exemple, que un gran nombre de persones els visiten al mateix temps? Eixa és una de les preguntes que es plantejaren estes dos investigadores de la Universitat Politècnica de València. El primer pas per a contestar-la era saber exactament","Ja hem vist les conseqüències econòmiques i socials que té la massificació turística. I quina se'n té sobre el patrimoni arquitectònic? Quin efecte pot tindre sobre els monuments més emblemàtics de València, per exemple, que un gran nombre de persones els visiten al mateix temps? Doncs eixa és una de les preguntes que es plantejaren estes dos investigadores de la Universitat Politècnica de València. I el primer pas per a poder contestar-la era saber exactament el nombre de persones."
3090,"El primer pas per a contestar-la era saber exactament el nombre de persones."" Es deia sempre: ""Hi ha molta gent en el centre històric de València"", però no en sabíem quants, quins dies, a quines hores; i ara en tenim dades precises. ""Com? Gràcies a la tecnologia."" Estes càmeres estan enviant informació cada deu segons de tota la gent que està passant. ""Endevineu quin dia va passar més gent per este carrer?","I el primer pas per a poder contestar-la era saber exactament el nombre de persones. Se deia sempre, n'hi ha molta gent en el Centre Històric de València, però no sabíem quants, què dies, a quines hores, i ara no tenim dades precises. Com? Gràcies a la tecnologia. Estes càmeres estan enviant informació cada 10 segons de tota la gent que està passant. Endevineu quin dia va passar més gent per a este carrer?"
3120,"""Endevineu quin dia va passar més gent per este carrer? Correcte."" El dia de Sant Josep, enguany, hi circularen 215.000 persones. ""D'acord, ja tenim el número. I què? Com més en són, més poden perjudicar el patrimoni?"" Cuando respiramos, estamos saltando CO2, estamos aumentando la temperatura. Estos factores pueden repercutir sobre los materiales que conforman el patrimonio,","Endevineu quin dia va passar més gent per a este carrer? Correcte! El dia de Sant Josep, este any, circularen 215.000 persones. D'acord, ja tenim el numeret. I què? Com més en són, més poden perjudicar el patrimoni. Cuando respiramos, pues estamos soltando CO2, estamos aumentando la temperatura. Estos factores pueden repercutir sobre los materiales que conforman el patrimonio,"
3150,"sobre los materiales que conforman el patrimonio, tanto sobre materiales textiles, madera, piedra... Y sí, efectivamente, podría llegar a repercutir en la conservación. ""¿El turisme de masses està perjudicant este patrimoni material valencià?"" A ver, en estos momentos no está teniendo ningún peligro. Sí puede llegar a tenerlo. -Nosaltres som, junt a França i Itàlia, els països que més turisme rebem del món,","Estos factores pueden repercutir sobre los materiales que conforman el patrimonio, tanto sobre materiales textiles, madera, sobre la piedra... Y sí, efectivamente, podría llegar a repercutir en la conservación. El turisme de masses està perjudicant este patrimoni material valencià? A ver, en estos momentos no está teniendo ningún peligro. Sí puede llegar a tenerlo. Nosotros somos, Junta França y Junta Itália,"
3180,"junt a França i Itàlia, els països que més turisme rebem del món, i això és perquè tenim patrimoni. -La catedral de València té un valor immens des del punt de vista material, però també des del punt de vista religiós, històric, artístic... El patrimoni de la catedral és d'un valor incalculable. I hem de garantir que el nostre patrimoni serà conservat per a sempre en les millors condicions.","Nosotros somos, Junta França y Junta Itália, los países que más turismo estamos recibiendo del mundo. Y eso es porque tenemos patrimonio. La Catedral de Valencia tiene un valor inmens. desde el punto de vista material, pero también desde el punto de vista religioso, histórico, artístico. El patrimoni de la Catedral es un valor incalculable. Y tenemos que garantir que el nuestro patrimonio será conservado para siempre en las mejores condiciones. Si els turistes poden arribar a posar en perill tot això només per estar i respirar allà,"
3210,"""Si els turistes poden arribar a posar en perill tot això només per estar i respirar allà, ¿com de greus poden ser les conseqüències si el seu comportament dista molt de ser exemplar? Clara ens en dona un exemple."" Santorini té unes esglésies molt guapetes, de cúpules blaves. El problema és que s'han fet moltes fotos dalt de les cúpules i del sostre de les esglésies. És patrimoni. Si hi puja una persona, està malament,","Si els turistes poden arribar a posar en perill tot això només per estar i respirar allà, com de greus poden ser les conseqüències si el seu comportament dista molt de ser exemplar? Clara ens en dona un exemple. Sant Torini té unes esglésies molt guapetes de cúpules blaves. Clar, el problema és que s'han fet moltes fotos en eixes cúpules, dalt de les cúpules i dalt del sostre de les esglésies. Clar, estem parlant de patrimoni. A lo mejor puja una persona, està mal, però és una persona."
3240,"Si hi puja una persona, està malament, però si 5.000 persones pugen dalt del sostre d'una església, què pot passar? Pot acabar caient. ""Per tal d'evitar estos i altres riscos, a Santorini s'estan plantejant limitar els creuers que arriben a l'illa."" Perquè la gent es faça una idea de com és Santorini, és com si al port d'Oliva... De fet, és més menut que Oliva. Com si al port d'Oliva atracara un creuer de 5.000 persones,","A lo mejor puja una persona, està mal, però és una persona. Si 5.000 persones pugen dalt del sostre d'una església, què pot passar? Pot acabar caiguent. Per tal d'evitar estos i altres riscos, a Sant Torini s'estan plantejant limitar els greuers que arriben a l'illa. Per a que la gent es faci una idea de com és Sant Torini, és com si tu al port d'Oliva, de fet Sant Torini és més menú que Oliva, però si al port d'Oliva atracarà un vaixell un greuer de 5.000 persones,"
3270,"Com si al port d'Oliva atracara un creuer de 5.000 persones, i eixes persones baixaren a Oliva i hi estigueren tres hores. Això satura molt. Les últimes notícies eren que l'Ajuntament deia a la gent local que no eixira de casa. Això és inassumible per cap territori. L'exemple més clar i desgraciat el tenim a Venècia. ""Venècia, Amsterdam, Florida, Califòrnia i Alaska ja han posat límits al turisme de creuers. València ho farà en 2026,","però si al port d'Oliva atracarà un vaixell un greuer de 5.000 persones, i aquestes 5.000 persones baixaran a la població d'Oliva i estiguessin 3 hores, clar, això s'atura molt, de fet, les últimes notícies eren que l'Ajuntament li dia a la gent local que no hi xira de les cases, perquè no podien ni xirar el carrer. Això és inassumible per a ningú de territori. L'exemple més clar i desgraciat el tenim en Venècia. Venècia, Amsterdam, Florida, Califòrnia i Alaska ja han posat límits al turisme de greuers. València ho farà en 2026,"
3300,"València ho farà en 2026, quan els megacreuers hi tindran prohibida l'entrada."" Los cruceros más reducidos de otro tipo de perfil, y que, evidentemente, generan una riqueza en la ciudad, se mantendrán. Pero en el 2026 los megacruceros, las ciudades flotantes, dejarán de venir a València. ""En canvi, l'alcalde d'Alacant ja va anunciar que estarà encantat de rebre tots els creuers.""","València ho farà en 2026, quan els megacreuers hi tindran prohibida l'entrada. Els cruceros més reducits, de altre tipus de perfil, i que evidentment generen una riqueza en la ciutat, se mantindran. Però en el any 2026, els megacruceros, les ciutades flotantes, deixaran de venir a València. En canvi, l'alcalde d'Alacant ja va anunciar que estarà encantat. de rebre tots els greuers."
3330,"de rebre tots els creuers."" No m'agrada cap de les dos posicions. Em pareixen poc intel·ligents. El poder limitar cruceros, hacerlos más elitistas, nos lleva a posiciones clasistas de excluir de estas experiencias a una gran parte de la sociedad. -Crec que no és qüestió de creuers sí o no; és qüestió de tindre criteri, saber quins creuers, quan i com. No hi ha un model turístic que servix per a tots per igual, sinó que cada territori respon a una realitat distinta,","de rebre tots els greuers. No m'agraden ningú de les dues posicions, ni de València ni d'Alacant. Em pareix poc intel·ligent per part dels dos. El poder limitar cruceros a fer-los més elitistes ens porten a unes posicions classistes d'excluir d'aquest tipus d'experiències a una gran part de la nostra societat. Jo crec que no és una qüestió de creuers sí o creus no, és qüestió de tindre criteri de saber quins creuers, en quin moment i de quina manera. No n'hi ha un model turístic que serveix a tots per igual, sinó que cada territori"
3360,"sinó que cada territori respon a una realitat distinta, i el que funciona en una destinació no funciona en una altra. ""Quan acabe l'any, València haurà rebut més de 800.000 creueristes, més que habitants té la ciutat; mentre que Alacant, amb una població de més de 330.000 persones, n'haurà acollit..."" Este año calculamos que superarán los 230.000 0 240.000 cruceristas. Últimamente nos ha tocado techo, hay mucho recorrido por hacer.","sinó que cada territori respon a una realitat distinta i el que funciona en una destinació no funciona en una altra. Quan acabi l'any, València haurà rebut més de 800.000 cregueristes, més que habitants de la ciutat. Mentre que Alacant, amb una població de més de 330.000 persones, n'haurà acollit."
3390,"Últimamente nos ha tocado techo, hay mucho recorrido por hacer. A alguns creueristes només passen unes hores a cada port. ¿A les ciutats els compensa el desembarcament de més de 5.000 persones en un únic dia? El turismo de cruceros, en el año 2023, superó los 45 millones de euros, y preveemos que para este año será de 60 millones de euros. -Es un Potosí, es una maravilla.","Alguns cregueristes només passen unes hores a cada port. A les ciutats, els compensa el desembarcament de més de 5.000 persones en un únic dia? El 2023 ha superat els 45.000.000 d'euros i preveiem que per aquest any serà de 60.000.000 d'euros. És un pot, sí. És una maravilla."
3420,"Els creueristes no es gasten diners. Han d'estar, en set dies, en set ciutats, i baixen, agarren l'imant que toca per al familiar i poquet més. -El gasto directo de un crucerista fue de 74 euros el año pasado. Deixen molts diners ací a la tenda els creueristes? Sí que deixen diners, 60, 100 euros més o menys. -Entre 50 y 100 euros por venta. El más común, o el básico, son 25 o 30 euros,","Els cregueristes no se gasten diners. És gent que en sèdies ha de ser ciutats i baixen, agarren l'imant que toca pel familiar de turno i poc més. El gasto directe d'un crucerista va ser de 74 euros l'any passat. Deixen molts diners a la tenda, els cregueristes. Sí que dicen diners, sí. Si santa, 100 euros, més o menys. Entre 50 y 100 euros por venta, sí. El más común o el básico"
3450,"El más común, o el básico, son 25 o 30 euros, que es la caja de galletas que se lleva todo el mundo Los bares están llenos, las terrazas están llenas. Pides mesa y no hay. Yo he estado trabajando en bares cerca del centro y ha venido algún crucero. Esperamos tener un montón de reservas. No. Venían, se tomaban una cerveza, compraban un 'souvenir' y se iban. Vienen con un todo incluido. -Yo prefiero que vengan,","El más común o el básico son 25-30 euros, que es la caja de galletas que lleva todo el mundo. Los bares están llenos. Las terrazas están llenas. Va a pedir mesa y no hay. Yo he estado trabajando en bares cerca del centro y han venido algún crucero. Esperábamos, como, ¿vamos a tener un montón de reservas? No. Venían, se tomaban una cerveza, compraban un souvenir y se iban, daban una vuelta y cuatro fotos. Vienen con un todo incluido. Yo prefiero que vengan"
3480,"Vienen con un todo incluido. -Yo prefiero que vengan, porque si no vienen, no hacemos nada. Quants diners té pensat gastar-se ací a la ciutat? ""Més o menys, els comerciants poden beneficiar-se de tindre tants clients potencials als voltants, però i el veïnat?","Yo prefiero que vengan a que no vengan, porque si no vienen, lo hacemos en lava. Quants diners t'he pensat gastar-se així a la ciutat? Penso 100 euros, por supuesto. 500 euros. En esta hora al menos 60 euros. Os peso 20 euros. Més o menys, els comerciants poden beneficiar-se de tindre tants clients potencials als voltants. Però, i el veïnat? ¿Quién profit ha entrado?"
3510,"de tindre tants clients potencials als voltants, però i el veïnat? Quin profit en trau?"" Para venir al Mercado Central, tengo que venir a las 8:30 h, porque después de las 10:30 h no se puede pasar con el carro por ningún sitio. Son turistas que, como mucho, se toman un zumo, que vale un euro. Si preguntas a los cruceristas ""¿considera Alicante saturada?"", el 94% dice que no.",¿Quién profit ha entrado? Para venir al mercado central tengo que venir a las 8 y media de la mañana porque después de las 10 y media no se puede pasar con el carro por ningún sitio. El problema es que son turistas que como mucho se toman un zumo que vale un euro. Si le preguntan a los cruceristas considera usted alicante saturado y el 94% de los cruceristas nos han dicho que no.
3540,"el 94% dice que no. -Mucha masificación, demasiada. Sobre todo en los últimos seis meses. Es horrible, a veces, atravessar una calle. Tienes que ir haciendo así para que se aparten. Es un problema de una palabra que nosotros creemos que es la palabra màgica, que es la gestión. Los domingos bajo andar y por aquí no se puede ir, porque hay una masa de gente que digo: ""Pero Dios mío"". -Tú no puedes asumir de golpe y porrazo que te atraquen",que no. Mucha masificación. Demasiada. Demasiada. Sobre todo en los últimos 6 meses es horrible a veces. Atravesar una calle es ir haciendo así para que se parten. Al final es un problema de una palabra que nosotros creemos que es la palabra mágica que es la gestión. Yo los domingos bajo a andar y aquí por aquí no se puede ir porque hay una masa de gente que digo pero Dios mío. Tú no puedes asumir de golpe y por razón que te atraquen tres barcos
3570,"-Tú no puedes asumir de golpe y porrazo que te atraquen tres barcos y bajen 9.000 personas, ni València ni Alicante. Lo importante es regular, ordenar y establecer las capacidades de carga para que pueda haber convivencia pacífica entre residentes, ciudadanos y turistas. ""Bolinches proposa, a més, una compensació per les molèsties, una taxa per creuerista.""","tres barcos y bajen 9.000 personas. Ni Valencia ni Alicante. Lo importante es regular, ordenar y establecer las capacidades de carga para que se pueda hacer esa convivencia pacífica entre residentes, ciudadanos y turistas. Bolinches proposa a Més una compensación per les molesties, una taxa per creguerista. ¿Tú sabes lo que puede hacer el Ayuntamiento de Valencia con 80 euros"
